pos_x,pos_y
-102.87987518310547,-67.37783813476562
-104.08775329589844,-68.08364868164062
-105.29810333251953,-68.79148864746094
-106.50641632080078,-69.49978637695312
-107.71360778808594,-70.20997619628906
-108.9192123413086,-70.92274475097656
-110.1229476928711,-71.63868713378906
-111.32453918457031,-72.358154296875
-112.52393341064453,-73.08133697509766
-113.72116088867188,-73.80812072753906
-114.91638946533203,-74.53819274902344
-116.10985565185547,-75.27113342285156
-117.30191802978516,-76.00641632080078
-118.49283599853516,-76.74347686767578
-119.68292999267578,-77.48189544677734
-120.87244415283203,-78.22124481201172
-122.06157684326172,-78.96118927001953
-123.2504653930664,-79.7015380859375
-124.43921661376953,-80.44212341308594
-125.62786102294922,-81.18286895751953
-126.81643676757812,-81.9237289428711
-128.0049285888672,-82.66468048095703
-129.1934051513672,-83.4057388305664
-130.38177490234375,-84.14688873291016
-131.5775604248047,-84.8927993774414
-132.76097106933594,-85.63111877441406
-133.92974853515625,-86.36048889160156
-135.12869262695312,-87.10884857177734
-136.321533203125,-87.85348510742188
-137.51148986816406,-88.59632110595703
-138.71182250976562,-89.34561920166016
-139.8818817138672,-90.07598114013672
-141.07379150390625,-90.8198013305664
-142.26332092285156,-91.56199645996094
-143.45169067382812,-92.30322265625
-144.64015197753906,-93.04421997070312
-145.8288116455078,-93.78495025634766
-147.0176239013672,-94.52540588378906
-148.20664978027344,-95.2655258178711
-149.3958740234375,-96.00531005859375
-150.58534240722656,-96.74472045898438
-151.7750701904297,-97.48370361328125
-152.96511840820312,-98.2221908569336
-154.15550231933594,-98.96012878417969
-155.34620666503906,-99.69754028320312
-156.53726196289062,-100.43437194824219
-157.72866821289062,-101.17068481445312
-158.92031860351562,-101.90654754638672
-160.11219787597656,-102.64205932617188
-161.3042755126953,-103.37718200683594
-162.49667358398438,-104.11186981201172
-163.68942260742188,-104.845947265625
-164.88265991210938,-105.57929992675781
-166.07632446289062,-106.3119125366211
-167.27027893066406,-107.04397583007812
-168.4644317626953,-107.77569580078125
-169.65878295898438,-108.50723266601562
-170.85316467285156,-109.23865509033203
-172.047607421875,-109.96996307373047
-173.24209594726562,-110.70121765136719
-174.4366455078125,-111.43241119384766
-175.63124084472656,-112.1635513305664
-176.82640075683594,-112.89496612548828
-178.01943969726562,-113.62505340576172
-179.21456909179688,-114.35643005371094
-180.41012573242188,-115.08809661865234
-181.60455322265625,-115.81910705566406
-182.79884338378906,-116.5500717163086
-183.99337768554688,-117.28118133544922
-185.1879425048828,-118.01229095458984
-186.3825225830078,-118.74339294433594
-187.57711791992188,-119.47444915771484
-188.771728515625,-120.20545959472656
-189.96644592285156,-120.93645477294922
-191.16116333007812,-121.66732788085938
-192.35597229003906,-122.39803314208984
-193.5509490966797,-123.1285171508789
-194.7461395263672,-123.8586196899414
-195.94163513183594,-124.58822631835938
-197.13827514648438,-125.31775665283203
-198.3326873779297,-126.04534912109375
-199.5289306640625,-126.77359008789062
-200.72665405273438,-127.50238037109375
-201.92333984375,-128.23025512695312
-203.11964416503906,-128.95750427246094
-204.31658935546875,-129.68467712402344
-205.51376342773438,-130.41146850585938
-206.711181640625,-131.1378936767578
-207.90879821777344,-131.86395263671875
-209.10670471191406,-132.589599609375
-210.30479431152344,-133.31483459472656
-211.50314331054688,-134.03976440429688
-212.70172119140625,-134.76443481445312
-213.90013122558594,-135.4886932373047
-215.0990447998047,-136.21299743652344
-216.29791259765625,-136.93707275390625
-217.49684143066406,-137.66099548339844
-218.69580078125,-138.38485717773438
-219.8948211669922,-139.108642578125
-221.09388732910156,-139.83233642578125
-222.2933349609375,-140.55621337890625
-223.49237060546875,-141.2798309326172
-224.69027709960938,-142.00277709960938
-225.8899383544922,-142.72689819335938
-227.08949279785156,-143.4510040283203
-228.28819274902344,-144.17466735839844
-229.4871368408203,-144.89857482910156
-230.68603515625,-145.62246704101562
-231.8851776123047,-146.346435546875
-233.08441162109375,-147.07005310058594
-234.28271484375,-147.79251098632812
-235.48345947265625,-148.515380859375
-236.68438720703125,-149.23695373535156
-237.8852996826172,-149.95660400390625
-239.0878143310547,-150.6744842529297
-240.2921142578125,-151.3895721435547
-241.49871826171875,-152.1005859375
-242.70803833007812,-152.8064422607422
-243.92092895507812,-153.50732421875
-245.1360626220703,-154.20352172851562
-246.353759765625,-154.89529418945312
-247.57505798339844,-155.58071899414062
-248.80162048339844,-156.25743103027344
-250.03309631347656,-156.9223175048828
-251.2731475830078,-157.57435607910156
-252.52035522460938,-158.2123565673828
-253.77391052246094,-158.83665466308594
-255.03433227539062,-159.4468536376953
-256.3021240234375,-160.04188537597656
-257.57769775390625,-160.62095642089844
-258.8601379394531,-161.18356323242188
-260.1490478515625,-161.72897338867188
-261.4466247558594,-162.25697326660156
-262.7518310546875,-162.76675415039062
-264.0635986328125,-163.25616455078125
-265.3835144042969,-163.72447204589844
-266.7113342285156,-164.1700897216797
-268.0468444824219,-164.59161376953125
-269.3896484375,-164.9868621826172
-270.741943359375,-165.3546600341797
-272.1013488769531,-165.6914825439453
-273.468017578125,-165.99620056152344
-274.8417663574219,-166.2697296142578
-276.2206726074219,-166.51132202148438
-277.60565185546875,-166.7188720703125
-278.9963073730469,-166.88966369628906
-280.3902587890625,-167.0205535888672
-281.7878112792969,-167.10958862304688
-283.1874694824219,-167.15457153320312
-284.5879821777344,-167.15322875976562
-285.987548828125,-167.10372924804688
-287.3847351074219,-167.00770568847656
-288.77716064453125,-166.8623046875
-290.163818359375,-166.66444396972656
-291.5419006347656,-166.4127197265625
-292.908203125,-166.1099395751953
-294.262939453125,-165.75474548339844
-295.6040344238281,-165.34864807128906
-296.9281311035156,-164.89463806152344
-298.2345275878906,-164.39187622070312
-299.5221252441406,-163.83966064453125
-300.7876892089844,-163.2399139404297
-302.0299072265625,-162.59402465820312
-303.24908447265625,-161.90516662597656
-304.44415283203125,-161.1751708984375
-305.61346435546875,-160.4046173095703
-306.75677490234375,-159.59600830078125
-307.873291015625,-158.7507781982422
-308.9598693847656,-157.86753845214844
-310.0128479003906,-156.94444274902344
-311.02899169921875,-155.98094177246094
-312.0062561035156,-154.9781036376953
-312.9435119628906,-153.93771362304688
-313.8389587402344,-152.8612060546875
-314.689697265625,-151.74903869628906
-315.4892272949219,-150.59963989257812
-316.2314453125,-149.41238403320312
-316.9150390625,-148.1904296875
-317.53851318359375,-146.93667602539062
-318.1029052734375,-145.65525817871094
-318.60821533203125,-144.3493194580078
-319.0585632324219,-143.02345275878906
-319.4464416503906,-141.67807006835938
-319.76922607421875,-140.31558227539062
-320.0282897949219,-138.9395751953125
-320.22698974609375,-137.55355834960938
-320.37261962890625,-136.16091918945312
-320.47052001953125,-134.7640838623047
-320.52099609375,-133.36477661132812
-320.5228271484375,-131.9645538330078
-320.47882080078125,-130.56495666503906
-320.3879699707031,-129.16770935058594
-320.2398681640625,-127.77537536621094
-320.0322265625,-126.39065551757812
-319.764892578125,-125.01622772216797
-319.4404602050781,-123.65414428710938
-319.05755615234375,-122.30723571777344
-318.614501953125,-120.9789810180664
-318.1133728027344,-119.67174530029297
-317.5563659667969,-118.3863754272461
-316.94580078125,-117.12606811523438
-316.28131103515625,-115.894287109375
-315.56683349609375,-114.6900405883789
-314.8095397949219,-113.51219177246094
-314.01446533203125,-112.35930633544922
-313.18511962890625,-111.23009490966797
-312.3247375488281,-110.12532043457031
-311.4352722167969,-109.04471588134766
-310.5191650390625,-107.985107421875
-309.5787048339844,-106.94718933105469
-308.6156311035156,-105.93025207519531
-307.6300964355469,-104.93556213378906
-306.6202392578125,-103.96525573730469
-305.5871887207031,-103.01969909667969
-304.5324401855469,-102.09850311279297
-303.45654296875,-101.20213317871094
-302.3594970703125,-100.3307876586914
-301.24322509765625,-99.48562622070312
-300.1075439453125,-98.66664123535156
-298.9520568847656,-97.87494659423828
-297.77728271484375,-97.11254119873047
-296.5839538574219,-96.37947845458984
-295.3734436035156,-95.67528533935547
-294.146728515625,-94.99980926513672
-292.9041748046875,-94.352783203125
-291.6489562988281,-93.73238372802734
-290.3820495605469,-93.13525390625
-289.10504150390625,-92.56023406982422
-287.8186950683594,-92.00637817382812
-286.52423095703125,-91.47162628173828
-285.22296142578125,-90.95513916015625
-283.9137878417969,-90.45494842529297
-282.599365234375,-89.97074890136719
-281.2801818847656,-89.50298309326172
-279.954833984375,-89.05033874511719
-278.6244201660156,-88.61186218261719
-277.28961181640625,-88.18766784667969
-275.9505920410156,-87.7772216796875
-274.6077575683594,-87.37938690185547
-273.2615661621094,-86.99361419677734
-271.91156005859375,-86.61980438232422
-270.558349609375,-86.2581787109375
-269.20233154296875,-85.9097671508789
-267.8428649902344,-85.57212829589844
-266.481201171875,-85.24407196044922
-265.1174011230469,-84.92515563964844
-263.7513732910156,-84.61613464355469
-262.3832092285156,-84.31692504882812
-261.0130920410156,-84.02635955810547
-259.64154052734375,-83.74275970458984
-258.2688903808594,-83.46517181396484
-256.8948974609375,-83.19310760498047
-255.51976013183594,-82.92597961425781
-254.1444549560547,-82.66356658935547
-252.76783752441406,-82.40506744384766
-251.3906707763672,-82.14990997314453
-250.0129852294922,-81.89757537841797
-248.635009765625,-81.6472396850586
-247.25680541992188,-81.39813232421875
-245.87847900390625,-81.149658203125
-244.50076293945312,-80.90141296386719
-243.12132263183594,-80.65249633789062
-241.74276733398438,-80.40298461914062
-240.36587524414062,-80.15245819091797
-238.98849487304688,-79.89994049072266
-237.61090087890625,-79.64497375488281
-236.23422241210938,-79.38736724853516
-234.85813903808594,-79.1268081665039
-233.48257446289062,-78.86321258544922
-232.107666015625,-78.59648132324219
-230.7333526611328,-78.32654571533203
-229.35972595214844,-78.05337524414062
-227.98684692382812,-77.77638244628906
-226.61505126953125,-77.49481964111328
-225.24339294433594,-77.20783996582031
-223.87451171875,-76.91531372070312
-222.50631713867188,-76.61650085449219
-221.1391143798828,-76.31165313720703
-219.7736053466797,-76.00030517578125
-218.40969848632812,-75.68179321289062
-217.04747009277344,-75.35639953613281
-215.6866455078125,-75.02503204345703
-214.3271484375,-74.68862915039062
-212.9686737060547,-74.34779357910156
-211.61135864257812,-74.00263977050781
-210.2552490234375,-73.6523666381836
-208.90060424804688,-73.29664611816406
-207.54739379882812,-72.93544006347656
-206.1955108642578,-72.56951141357422
-204.84523010253906,-72.19959259033203
-203.49461364746094,-71.8253402709961
-202.14500427246094,-71.44746398925781
-200.7998046875,-71.06704711914062
-199.45262145996094,-70.68283081054688
-198.10476684570312,-70.296142578125
-196.75970458984375,-69.90868377685547
-195.4142303466797,-69.5197982788086
-194.06907653808594,-69.12989044189453
-192.72406005859375,-68.73933410644531
-191.37896728515625,-68.34872436523438
-190.0338134765625,-67.95849609375
-188.68865966796875,-67.56888580322266
-187.34323120117188,-67.17975616455078
-185.99765014648438,-66.79100036621094
-184.6521453857422,-66.40238952636719
-183.30670166015625,-66.01329040527344
-181.9610595703125,-65.62265014648438
-180.6178436279297,-65.2301025390625
-179.27499389648438,-64.83370971679688
-177.93203735351562,-64.43234252929688
-176.5914764404297,-64.02604675292969
-175.2530059814453,-63.61410140991211
-173.91632080078125,-63.19575500488281
-172.5826873779297,-62.7706413269043
-171.25048828125,-62.338157653808594
-169.9197540283203,-61.899444580078125
-168.59165954589844,-61.45547866821289
-167.2648468017578,-61.00681686401367
-165.94039916992188,-60.5533332824707
-164.61611938476562,-60.094688415527344
-163.2940673828125,-59.63249206542969
-161.97317504882812,-59.16703796386719
-160.6537322998047,-58.699073791503906
-159.3343048095703,-58.22861099243164
-158.0155487060547,-57.755615234375
-156.69882202148438,-57.2794189453125
-155.38360595703125,-56.798099517822266
-154.0706329345703,-56.30997085571289
-152.7609100341797,-55.813697814941406
-151.4552459716797,-55.308135986328125
-150.1533966064453,-54.79069519042969
-148.85794067382812,-54.25859069824219
-147.57073974609375,-53.70724105834961
-146.2934112548828,-53.1314697265625
-145.02932739257812,-52.52992630004883
-143.77882385253906,-51.897865295410156
-142.546142578125,-51.23427963256836
-141.333740234375,-50.532466888427734
-140.14634704589844,-49.78960418701172
-138.9886932373047,-49.00285339355469
-137.86410522460938,-48.167755126953125
-136.77723693847656,-47.283546447753906
-135.7325439453125,-46.35200500488281
-134.7315673828125,-45.37282943725586
-133.77764892578125,-44.346988677978516
-132.87506103515625,-43.27631759643555
-132.02487182617188,-42.16350173950195
-131.22654724121094,-41.01285934448242
-130.4803009033203,-39.82786560058594
-129.78921508789062,-38.609798431396484
-129.15879821777344,-37.359352111816406
-128.59088134765625,-36.07928466796875
-128.08560180664062,-34.773231506347656
-127.64498901367188,-33.44398880004883
-127.27288055419922,-32.093963623046875
-126.97332000732422,-30.726062774658203
-126.74934387207031,-29.34374237060547
-126.60296630859375,-27.95111656188965
-126.53666687011719,-26.552366256713867
-126.55236053466797,-25.152145385742188
-126.65070343017578,-23.755138397216797
-126.82642364501953,-22.365886688232422
-127.07410430908203,-20.987682342529297
-127.39353942871094,-19.62384796142578
-127.78816986083984,-18.280351638793945
-128.25735473632812,-16.961179733276367
-128.8008270263672,-15.670611381530762
-129.41502380371094,-14.411543846130371
-130.0986328125,-13.189815521240234
-130.8500213623047,-12.008564949035645
-131.66714477539062,-10.871191024780273
-132.5496368408203,-9.78408145904541
-133.4932861328125,-8.749272346496582
-134.48971557617188,-7.764930248260498
-135.53594970703125,-6.834887504577637
-136.63027954101562,-5.960854530334473
-137.76925659179688,-5.146130561828613
-138.9480438232422,-4.389835357666016
-140.16232299804688,-3.69254207611084
-141.40908813476562,-3.0546677112579346
-142.68357849121094,-2.474147081375122
-143.9826202392578,-1.9511524438858032
-145.3032989501953,-1.4855166673660278
-146.6425323486328,-1.0766749382019043
-147.99778747558594,-0.7228272557258606
-149.3656463623047,-0.4217554032802582
-150.74314880371094,-0.1710248738527298
-152.12855529785156,0.03389791026711464
-153.5194549560547,0.19785316288471222
-154.9147491455078,0.3241458237171173
-156.31190490722656,0.41511592268943787
-157.7113037109375,0.4722391664981842
-159.11155700683594,0.49597832560539246
-160.51255798339844,0.48741230368614197
-161.91226196289062,0.4467589557170868
-163.31060791015625,0.3734951913356781
-164.7069091796875,0.26899632811546326
-166.10165405273438,0.13328789174556732
-167.49285888671875,-0.03055511973798275
-168.8800811767578,-0.21806728839874268
-170.26498413085938,-0.4256080389022827
-171.64736938476562,-0.6503804326057434
-173.02720642089844,-0.8896995186805725
-174.40577697753906,-1.1406687498092651
-175.7815704345703,-1.401316523551941
-177.15542602539062,-1.6710891723632812
-178.52841186523438,-1.9483692646026611
-179.89999389648438,-2.2318665981292725
-181.27005004882812,-2.5214970111846924
-182.6390838623047,-2.8178486824035645
-184.00732421875,-3.1204776763916016
-185.37283325195312,-3.4280025959014893
-186.73812866210938,-3.7396349906921387
-188.1031951904297,-4.054440498352051
-189.46728515625,-4.371832370758057
-190.83079528808594,-4.691848278045654
-192.19358825683594,-5.014542102813721
-193.55593872070312,-5.340022087097168
-194.9177703857422,-5.668481826782227
-196.27798461914062,-6.000058174133301
-197.63800048828125,-6.335503578186035
-198.99679565429688,-6.675009727478027
-200.35440063476562,-7.019293785095215
-201.71080017089844,-7.368222713470459
-203.065673828125,-7.721787929534912
-204.42062377929688,-8.079851150512695
-205.7733154296875,-8.441276550292969
-207.12513732910156,-8.806130409240723
-208.47674560546875,-9.174016952514648
-209.8275146484375,-9.544172286987305
-211.17784118652344,-9.91610050201416
-212.52769470214844,-10.289363861083984
-213.87725830078125,-10.6636962890625
-215.22666931152344,-11.038926124572754
-216.57574462890625,-11.414718627929688
-217.9247589111328,-11.790702819824219
-219.274169921875,-12.166592597961426
-220.62368774414062,-12.541991233825684
-221.97271728515625,-12.916427612304688
-223.32275390625,-13.290107727050781
-224.6729278564453,-13.66265869140625
-226.0232696533203,-14.034059524536133
-227.37413024902344,-14.404301643371582
-228.72525024414062,-14.773146629333496
-230.0767364501953,-15.14041805267334
-231.4286346435547,-15.50593090057373
-232.78115844726562,-15.869463920593262
-234.1345672607422,-16.230880737304688
-235.4886016845703,-16.590198516845703
-236.84219360351562,-16.94733238220215
-238.1970977783203,-17.30298614501953
-239.55215454101562,-17.657243728637695
-240.90740966796875,-18.0101318359375
-242.2631072998047,-18.361875534057617
-243.6190948486328,-18.712448120117188
-244.97535705566406,-19.061912536621094
-246.3318634033203,-19.410430908203125
-247.68858337402344,-19.758207321166992
-249.0447540283203,-20.105154037475586
-250.40252685546875,-20.45186996459961
-251.76068115234375,-20.79808807373047
-253.11709594726562,-21.143184661865234
-254.4739227294922,-21.487716674804688
-255.83212280273438,-21.83210563659668
-257.1897888183594,-22.176071166992188
-258.5474853515625,-22.519847869873047
-259.9052734375,-22.863452911376953
-261.26300048828125,-23.206960678100586
-262.6208190917969,-23.550504684448242
-263.978515625,-23.894145965576172
-265.3362121582031,-24.23796272277832
-266.69390869140625,-24.58203887939453
-268.051513671875,-24.926395416259766
-269.4090576171875,-25.270998001098633
-270.7658996582031,-25.615751266479492
-272.12384033203125,-25.961231231689453
-273.4819641113281,-26.30716323852539
-274.8377685546875,-26.6528377532959
-276.19500732421875,-26.999195098876953
-277.5521240234375,-27.345863342285156
-278.9090576171875,-27.69283676147461
-280.265869140625,-28.0402889251709
-281.62249755859375,-28.388282775878906
-282.9788513183594,-28.736934661865234
-284.33514404296875,-29.086456298828125
-285.6912841796875,-29.436857223510742
-287.0478210449219,-29.788198471069336
-288.4023132324219,-30.13970184326172
-289.7569274902344,-30.492040634155273
-291.11334228515625,-30.845855712890625
-292.4689025878906,-31.20064353942871
-293.8227844238281,-31.556472778320312
-295.17694091796875,-31.913978576660156
-296.5307312011719,-32.273197174072266
-297.88409423828125,-32.634342193603516
-299.23663330078125,-32.99767303466797
-300.5881652832031,-33.363590240478516
-301.9396057128906,-33.732452392578125
-303.289794921875,-34.104061126708984
-304.639404296875,-34.47857666015625
-305.988037109375,-34.856483459472656
-307.3358459472656,-35.23871994018555
-308.68109130859375,-35.625205993652344
-310.0260314941406,-36.01640701293945
-311.3702697753906,-36.411712646484375
-312.7128601074219,-36.81013870239258
-314.0548095703125,-37.2120475769043
-315.3949279785156,-37.618438720703125
-316.73211669921875,-38.03099060058594
-318.0687255859375,-38.45206832885742
-319.4020690917969,-38.881778717041016
-320.73175048828125,-39.320865631103516
-322.0584716796875,-39.76935577392578
-323.3820495605469,-40.22789001464844
-324.70111083984375,-40.697479248046875
-326.01544189453125,-41.17964553833008
-327.3262634277344,-41.67558288574219
-328.6304931640625,-42.18606185913086
-329.9271545410156,-42.71429443359375
-331.2154541015625,-43.26411819458008
-332.4930725097656,-43.83819580078125
-333.7577819824219,-44.43844223022461
-335.0088806152344,-45.066925048828125
-336.246337890625,-45.725135803222656
-337.4652099609375,-46.41377258300781
-338.66558837890625,-47.13520812988281
-339.8450927734375,-47.89021682739258
-341.002685546875,-48.67853927612305
-342.13629150390625,-49.50083923339844
-343.2431335449219,-50.35873794555664
-344.3216552734375,-51.25200653076172
-345.371826171875,-52.17822265625
-346.3920593261719,-53.13764190673828
-347.37982177734375,-54.13032150268555
-348.3315734863281,-55.15733337402344
-349.2447509765625,-56.21881103515625
-350.1176452636719,-57.3138427734375
-350.9475402832031,-58.44166564941406
-351.7325439453125,-59.6013298034668
-352.472412109375,-60.7902946472168
-353.1673278808594,-62.00528335571289
-353.8157653808594,-63.246917724609375
-354.41552734375,-64.51225280761719
-354.96331787109375,-65.80085754394531
-355.4590148925781,-67.11040496826172
-355.9032897949219,-68.43824768066406
-356.294921875,-69.7796401977539
-356.6376037597656,-71.14476013183594
-356.89984130859375,-72.51671600341797
-357.0887451171875,-73.89998626708984
-357.2561340332031,-75.29296875
-357.4137878417969,-76.68327331542969
-357.54156494140625,-78.07747650146484
-357.6307373046875,-79.47845458984375
-357.67474365234375,-80.8772964477539
-357.6722106933594,-82.27513122558594
-357.6431579589844,-83.67577362060547
-357.59857177734375,-85.07563018798828
-357.54339599609375,-86.47480773925781
-357.4818420410156,-87.87373352050781
-357.417236328125,-89.27384948730469
-357.3553161621094,-90.67183685302734
-357.2964172363281,-92.06739044189453
-357.22607421875,-93.46895599365234
-357.13299560546875,-94.86801147460938
-357.0281677246094,-96.26258850097656
-356.9410400390625,-97.66012573242188
-356.9051818847656,-99.05915832519531
-356.94378662109375,-100.45829010009766
-357.04522705078125,-101.85552978515625
-357.1856994628906,-103.2490463256836
-357.37786865234375,-104.63571166992188
-357.64105224609375,-106.0109634399414
-357.9974670410156,-107.36488342285156
-358.4747619628906,-108.68018341064453
-359.0711364746094,-109.94766235351562
-359.77191162109375,-111.15934753417969
-360.5632019042969,-112.31436157226562
-361.42877197265625,-113.41505432128906
-362.364990234375,-114.4552001953125
-363.37835693359375,-115.42035675048828
-364.4619445800781,-116.30854797363281
-365.5945739746094,-117.13402557373047
-366.760009765625,-117.91046142578125
-367.95513916015625,-118.63514709472656
-369.20269775390625,-119.27021789550781
-370.50836181640625,-119.7815933227539
-371.8430480957031,-120.20787811279297
-373.18560791015625,-120.59333801269531
-374.5653381347656,-120.85142517089844
-375.9567565917969,-121.00444030761719
-377.3554382324219,-121.05276489257812
-378.75457763671875,-121.00037384033203
-380.146728515625,-120.85101318359375
-381.5255432128906,-120.60774993896484
-382.8844909667969,-120.27124786376953
-384.2180480957031,-119.84337615966797
-385.5210876464844,-119.33026123046875
-386.7898254394531,-118.73941802978516
-388.0252990722656,-118.07962799072266
-389.2268371582031,-117.3598403930664
-390.3961181640625,-116.58982849121094
-391.53997802734375,-115.7818603515625
-392.66046142578125,-114.94174194335938
-393.759765625,-114.0743408203125
-394.840576171875,-113.18397521972656
-395.90277099609375,-112.27122497558594
-396.9471435546875,-111.33838653564453
-397.9740905761719,-110.38679504394531
-398.98468017578125,-109.41674041748047
-399.9783020019531,-108.42988586425781
-400.95526123046875,-107.4272689819336
-401.9169616699219,-106.40950012207031
-402.86346435546875,-105.37734985351562
-403.7958984375,-104.33180236816406
-404.71575927734375,-103.27681732177734
-405.6259765625,-102.21257781982422
-406.5282287597656,-101.14160919189453
-407.4244079589844,-100.06525421142578
-408.3139343261719,-98.98406219482422
-409.19683837890625,-97.89765930175781
-410.0744934082031,-96.80562591552734
-410.9466247558594,-95.71078491210938
-411.81524658203125,-94.61209869384766
-412.67974853515625,-93.51050567626953
-413.53985595703125,-92.40564727783203
-414.3946838378906,-91.29621887207031
-415.2425231933594,-90.1819839477539
-416.08319091796875,-89.06189727783203
-416.9165954589844,-87.93655395507812
-417.7419738769531,-86.80553436279297
-418.5579833984375,-85.66738891601562
-419.35968017578125,-84.5195083618164
-420.1417541503906,-83.35778045654297
-420.89434814453125,-82.17748260498047
-421.6111145019531,-80.97410583496094
-422.2852783203125,-79.74697875976562
-422.9119873046875,-78.49503326416016
-423.48577880859375,-77.2177505493164
-423.99871826171875,-75.9150390625
-424.4450988769531,-74.58821105957031
-424.8222961425781,-73.24006652832031
-425.1291809082031,-71.87380981445312
-425.3666687011719,-70.4937515258789
-425.53765869140625,-69.1046371459961
-425.6482849121094,-67.70872497558594
-425.7015686035156,-66.3095932006836
-425.6986083984375,-64.90941619873047
-425.64056396484375,-63.510353088378906
-425.52740478515625,-62.1148567199707
-425.3583984375,-60.7249755859375
-425.13458251953125,-59.34278869628906
-424.8530578613281,-57.971282958984375
-424.5123596191406,-56.6132926940918
-424.1105041503906,-55.2724494934082
-423.64666748046875,-53.9509162902832
-423.1227722167969,-52.65223693847656
-422.5388488769531,-51.38044357299805
-421.8959655761719,-50.136390686035156
-421.2021789550781,-48.92012023925781
-420.4613342285156,-47.73196029663086
-419.6716613769531,-46.57578659057617
-418.8363952636719,-45.451812744140625
-417.95660400390625,-44.36248779296875
-417.0296630859375,-43.31315231323242
-416.05731201171875,-42.30540466308594
-415.04351806640625,-41.3399772644043
-413.9892272949219,-40.41741943359375
-412.901123046875,-39.53549575805664
-411.78466796875,-38.69108581542969
-410.642578125,-37.88097381591797
-409.4780578613281,-37.103057861328125
-408.294677734375,-36.35405731201172
-407.0959167480469,-35.62871551513672
-405.8858337402344,-34.92391586303711
-404.66485595703125,-34.239315032958984
-403.43206787109375,-33.57417678833008
-402.1888732910156,-32.929141998291016
-400.9353942871094,-32.30478286743164
-399.6717224121094,-31.6997127532959
-398.39984130859375,-31.115297317504883
-397.1185302734375,-30.5494384765625
-395.8292541503906,-30.001968383789062
-394.5323791503906,-29.473541259765625
-393.22802734375,-28.96414566040039
-391.915771484375,-28.472900390625
-390.5975341796875,-28.000019073486328
-389.2735290527344,-27.54555892944336
-387.9427185058594,-27.108219146728516
-386.6067810058594,-26.687877655029297
-385.2658386230469,-26.283525466918945
-383.9201965332031,-25.89514923095703
-382.570068359375,-25.522737503051758
-381.2159118652344,-25.165103912353516
-379.8584289550781,-24.820802688598633
-378.497802734375,-24.488571166992188
-377.13470458984375,-24.166778564453125
-375.7697448730469,-23.85304832458496
-374.4033203125,-23.54547882080078
-373.035888671875,-23.24272918701172
-371.66802978515625,-22.94409942626953
-370.2985534667969,-22.648725509643555
-368.9279479980469,-22.356060028076172
-367.55865478515625,-22.066226959228516
-366.1882019042969,-21.77853775024414
-364.81683349609375,-21.492904663085938
-363.4453125,-21.209228515625
-362.0733337402344,-20.927257537841797
-360.7012023925781,-20.646764755249023
-359.3287658691406,-20.36750030517578
-357.95611572265625,-20.089162826538086
-356.5835876464844,-19.811508178710938
-355.21063232421875,-19.53413963317871
-353.8368225097656,-19.25663185119629
-352.4647216796875,-18.979219436645508
-351.0926818847656,-18.701316833496094
-349.71966552734375,-18.42243003845215
-348.34735107421875,-18.142690658569336
-346.97528076171875,-17.861927032470703
-345.603271484375,-17.579946517944336
-344.2316589355469,-17.2967472076416
-342.86041259765625,-17.011945724487305
-341.4894714355469,-16.725448608398438
-340.1188049316406,-16.43712043762207
-338.74884033203125,-16.146987915039062
-337.3789978027344,-15.855083465576172
-336.0094909667969,-15.561580657958984
-334.6404113769531,-15.266328811645508
-333.2716064453125,-14.969156265258789
-331.9034423828125,-14.669838905334473
-330.5357666015625,-14.368295669555664
-329.16851806640625,-14.064614295959473
-327.80169677734375,-13.75887680053711
-326.4355163574219,-13.45128345489502
-325.06982421875,-13.141867637634277
-323.7034606933594,-12.83055591583252
-322.33831787109375,-12.518153190612793
-320.97357177734375,-12.204732894897461
-319.608642578125,-11.890434265136719
-318.24395751953125,-11.575606346130371
-316.87933349609375,-11.260570526123047
-315.5146484375,-10.9454927444458
-314.1498718261719,-10.630561828613281
-312.78515625,-10.315994262695312
-311.4201965332031,-10.001981735229492
-310.05499267578125,-9.688640594482422
-308.6897888183594,-9.376090049743652
-307.3243408203125,-9.06437873840332
-305.95867919921875,-8.753618240356445
-304.59283447265625,-8.444046020507812
-303.2268371582031,-8.135942459106445
-301.8594665527344,-7.828969955444336
-300.49322509765625,-7.523403167724609
-299.1262512207031,-7.218574523925781
-297.7590637207031,-6.91436767578125
-296.3918151855469,-6.610921382904053
-295.02435302734375,-6.308366298675537
-293.6566467285156,-6.006978511810303
-292.28857421875,-5.70685338973999
-290.9203796386719,-5.407957077026367
-289.55194091796875,-5.110010623931885
-288.1832580566406,-4.812679290771484
-286.81451416015625,-4.515689849853516
-285.4457702636719,-4.218925476074219
-284.0769348144531,-3.9223060607910156
-282.7082214355469,-3.625840187072754
-281.3393859863281,-3.3294677734375
-279.97052001953125,-3.033174991607666
-278.6016540527344,-2.7370591163635254
-277.2328186035156,-2.4411067962646484
-275.8638916015625,-2.1452553272247314
-274.4948425292969,-1.8494805097579956
-273.1258544921875,-1.553694248199463
-271.7577209472656,-1.2580629587173462
-270.3874816894531,-0.9619114995002747
-269.0176086425781,-0.6657291650772095
-267.6501159667969,-0.3698936104774475
-266.28179931640625,-0.07361208647489548
-264.9124450683594,0.22324536740779877
-263.5437316894531,0.5204068422317505
-262.17523193359375,0.8180117011070251
-260.8067626953125,1.1159918308258057
-259.4383850097656,1.414253830909729
-258.0699462890625,1.7127625942230225
-256.7016296386719,2.0114283561706543
-255.3332977294922,2.31036639213562
-253.96507263183594,2.60965633392334
-252.59698486328125,2.909363031387329
-251.2289581298828,3.209573984146118
-249.86111450195312,3.510319709777832
-248.49339294433594,3.8116278648376465
-247.12567138671875,4.11344051361084
-245.75808715820312,4.41576623916626
-244.3907012939453,4.718694686889648
-243.02345275878906,5.022367477416992
-241.6564483642578,5.326841831207275
-240.28958129882812,5.63219690322876
-238.92288208007812,5.938405990600586
-237.55642700195312,6.2455058097839355
-236.19017028808594,6.553478240966797
-234.82391357421875,6.8623199462890625
-233.45811462402344,7.171946048736572
-232.0924072265625,7.482414245605469
-230.7268829345703,7.793701171875
-229.3615264892578,8.105772972106934
-227.9962921142578,8.41861629486084
-226.6320343017578,8.732110023498535
-225.2667999267578,9.046875953674316
-223.90072631835938,9.362995147705078
-222.5380096435547,9.679545402526855
-221.17420959472656,9.997594833374023
-219.81015014648438,10.316717147827148
-218.4466094970703,10.63652229309082
-217.08306884765625,10.956894874572754
-215.7197265625,11.2777099609375
-214.35647583007812,11.598957061767578
-212.99334716796875,11.920639038085938
-211.63034057617188,12.242721557617188
-210.26734924316406,12.565238952636719
-208.90455627441406,12.888209342956543
-207.54185485839844,13.211592674255371
-206.1792755126953,13.535279273986816
-204.8166046142578,13.859148979187012
-203.45399475097656,14.183055877685547
-202.09133911132812,14.506998062133789
-200.728759765625,14.83092212677002
-199.36611938476562,15.154800415039062
-198.00352478027344,15.478555679321289
-196.640869140625,15.80223274230957
-195.27828979492188,16.125774383544922
-193.91549682617188,16.449174880981445
-192.5526885986328,16.772300720214844
-191.1898651123047,17.095186233520508
-189.82704162597656,17.417882919311523
-188.464111328125,17.74043083190918
-187.1011199951172,18.062894821166992
-185.73818969726562,18.38526153564453
-184.37518310546875,18.707563400268555
-183.01220703125,19.02979850769043
-181.6491241455078,19.351999282836914
-180.28611755371094,19.674158096313477
-178.92311096191406,19.996261596679688
-177.56004333496094,20.318300247192383
-176.19696044921875,20.640230178833008
-174.8339080810547,20.962125778198242
-173.47080993652344,21.283939361572266
-172.10777282714844,21.60575294494629
-170.74462890625,21.927583694458008
-169.38153076171875,22.249467849731445
-168.01849365234375,22.571392059326172
-166.6554412841797,22.89337730407715
-165.2924346923828,23.215442657470703
-163.92938232421875,23.537609100341797
-162.56640625,23.859867095947266
-161.20350646972656,24.182212829589844
-159.8404998779297,24.50467872619629
-158.4775390625,24.827280044555664
-157.11465454101562,25.15004539489746
-155.75180053710938,25.47300910949707
-154.3894805908203,25.795978546142578
-153.02610778808594,26.119380950927734
-151.6620330810547,26.443092346191406
-150.30142211914062,26.766159057617188
-148.93896484375,27.089841842651367
-147.57571411132812,27.413875579833984
-146.2130889892578,27.73792839050293
-144.8505859375,28.062145233154297
-143.4881591796875,28.3865909576416
-142.12571716308594,28.711252212524414
-140.7633056640625,29.0361270904541
-139.40103149414062,29.36117935180664
-138.03883361816406,29.686420440673828
-136.6765594482422,30.0118350982666
-135.3142852783203,30.337427139282227
-133.9521484375,30.66312026977539
-132.5900421142578,30.988927841186523
-131.2278594970703,31.31484031677246
-129.86563110351562,31.64082908630371
-128.50360107421875,31.96685028076172
-127.1415786743164,32.292972564697266
-125.77955627441406,32.6191520690918
-124.41751861572266,32.945396423339844
-123.05554962158203,33.27176284790039
-121.693603515625,33.59828186035156
-120.33155059814453,33.92498779296875
-118.9696044921875,34.2518310546875
-117.60771179199219,34.57884979248047
-116.24591827392578,34.905967712402344
-114.88412475585938,35.23323059082031
-113.52233123779297,35.560585021972656
-112.16064453125,35.88806915283203
-110.7989730834961,36.2156867980957
-109.43721008300781,36.54351043701172
-108.07561492919922,36.87150192260742
-106.71395111083984,37.19971466064453
-105.35234069824219,37.52809143066406
-103.9908676147461,37.85664367675781
-102.62950134277344,38.18537139892578
-101.26818084716797,38.51427459716797
-99.90685272216797,38.843379974365234
-98.54546356201172,39.172672271728516
-97.18403625488281,39.502174377441406
-95.82282257080078,39.831729888916016
-94.46161651611328,40.16144561767578
-93.10041046142578,40.49126052856445
-91.73922729492188,40.82120895385742
-90.37808990478516,41.15127182006836
-89.01702880859375,41.48143768310547
-87.65604400634766,41.81171417236328
-86.29495239257812,42.14213180541992
-84.93400573730469,42.472625732421875
-83.5729751586914,42.80324935913086
-82.21198272705078,43.13396453857422
-80.85106658935547,43.46466827392578
-79.49006652832031,43.795379638671875
-78.12911987304688,44.126102447509766
-76.76823425292969,44.456783294677734
-75.40730285644531,44.787410736083984
-74.04623413085938,45.11803436279297
-72.68524169921875,45.4485969543457
-71.3243408203125,45.77910232543945
-69.9632339477539,46.10964584350586
-68.6022720336914,46.440155029296875
-67.24137878417969,46.77068328857422
-65.88044738769531,47.10124206542969
-64.5194320678711,47.431854248046875
-63.1583366394043,47.76255798339844
-61.797462463378906,48.09328842163086
-60.43656921386719,48.42410659790039
-59.07573699951172,48.755008697509766
-57.71491622924805,49.0860481262207
-56.3541374206543,49.417205810546875
-54.99336242675781,49.74856948852539
-53.63253402709961,50.08016586303711
-52.27190399169922,50.41196060180664
-50.91117477416992,50.74406814575195
-49.55067825317383,51.076412200927734
-48.19011688232422,51.40907669067383
-46.82966613769531,51.74212646484375
-45.469425201416016,52.07554626464844
-44.10932922363281,52.40934371948242
-42.749271392822266,52.74346160888672
-41.38925552368164,53.07780838012695
-40.029090881347656,53.41238784790039
-38.66904067993164,53.747127532958984
-37.30915832519531,54.081878662109375
-35.94926834106445,54.4167366027832
-34.589332580566406,54.751861572265625
-33.22967529296875,55.087181091308594
-31.870086669921875,55.42287826538086
-30.510513305664062,55.75908660888672
-29.15110969543457,56.0958366394043
-27.79166030883789,56.433135986328125
-26.43242073059082,56.770851135253906
-25.073299407958984,57.108917236328125
-23.714263916015625,57.44729232788086
-22.355310440063477,57.78596115112305
-20.996427536010742,58.124908447265625
-19.637544631958008,58.46412658691406
-18.2786922454834,58.80354690551758
-16.919979095458984,59.143096923828125
-15.561184883117676,59.482810974121094
-14.202519416809082,59.8226203918457
-12.843805313110352,60.16260528564453
-11.485143661499023,60.50273895263672
-10.12656307220459,60.84300994873047
-8.768043518066406,61.18339920043945
-7.409511566162109,61.52399444580078
-6.0510759353637695,61.864749908447266
-4.692525386810303,62.20576095581055
-3.3342044353485107,62.546932220458984
-1.9759459495544434,62.88833236694336
-0.6177165508270264,63.229949951171875
0.7404525279998779,63.57173538208008
2.0986039638519287,63.91366195678711
3.456742763519287,64.25563049316406
4.81498908996582,64.59761047363281
6.173069000244141,64.93952941894531
7.531377792358398,65.28152465820312
8.88952350616455,65.62342071533203
10.247766494750977,65.96528625488281
11.605972290039062,66.30703735351562
12.96418285369873,66.64867401123047
14.322446823120117,66.99012756347656
15.680782318115234,67.33135986328125
17.039155960083008,67.67229461669922
18.397722244262695,68.01290893554688
19.756256103515625,68.35314178466797
21.11496925354004,68.6930160522461
22.47382354736328,69.03253936767578
23.832687377929688,69.37169647216797
25.191614151000977,69.71053314208984
26.550695419311523,70.04903411865234
27.9097957611084,70.38713073730469
29.26896858215332,70.724853515625
30.6284122467041,71.06224822998047
31.987825393676758,71.39922332763672
33.347251892089844,71.73580932617188
34.70685958862305,72.07207489013672
36.066558837890625,72.40779876708984
37.426387786865234,72.74285125732422
38.786399841308594,73.07717895507812
40.14662551879883,73.4107437133789
41.50718307495117,73.74363708496094
42.86775207519531,74.07587432861328
44.22850036621094,74.40754699707031
45.58934020996094,74.73870086669922
46.95028305053711,75.06926727294922
48.31145477294922,75.39924621582031
49.67271423339844,75.72864532470703
51.03425216674805,76.05735778808594
52.395912170410156,76.38530731201172
53.757835388183594,76.71237182617188
55.11980438232422,77.03834533691406
56.482147216796875,77.36324310302734
57.84480285644531,77.68695831298828
59.20771026611328,78.00950622558594
60.570838928222656,78.33111572265625
61.93409729003906,78.6519775390625
63.2974739074707,78.97227478027344
64.66127014160156,79.29216766357422
66.02490234375,79.61161041259766
67.38861846923828,79.93077087402344
68.7523422241211,80.24974060058594
70.11607360839844,80.56858825683594
71.47986602783203,80.88711547851562
72.84375762939453,81.20531463623047
74.20772552490234,81.52317810058594
75.57180786132812,81.84074401855469
76.93607330322266,82.15818786621094
78.30016326904297,82.47550201416016
79.6643295288086,82.792724609375
81.02853393554688,83.10985565185547
82.3927001953125,83.42695617675781
83.7568588256836,83.74412536621094
85.12098693847656,84.06141662597656
86.48501586914062,84.37882995605469
87.84923553466797,84.69638061523438
89.21334075927734,85.01396179199219
90.5774154663086,85.33158874511719
91.94139862060547,85.64926147460938
93.30547332763672,85.96694946289062
94.66951751708984,86.2846908569336
96.03347778320312,86.60250091552734
97.3974380493164,86.92035675048828
98.7614517211914,87.23820495605469
100.12562561035156,87.55603790283203
101.48956298828125,87.87379455566406
102.85357666015625,88.19149780273438
104.21772766113281,88.50911712646484
105.58174133300781,88.82658386230469
106.94583892822266,89.14386749267578
108.30995178222656,89.46098327636719
109.67416381835938,89.7779312133789
111.0385513305664,90.09471130371094
112.40289306640625,90.411376953125
113.76709747314453,90.72791290283203
115.13140869140625,91.04438018798828
116.49576568603516,91.36079406738281
117.86015319824219,91.6771469116211
119.22447204589844,91.99349212646484
120.58869934082031,92.30988311767578
121.95291137695312,92.62638854980469
123.31730651855469,92.94307708740234
124.6815414428711,93.25989532470703
126.04576110839844,93.57687377929688
127.4098129272461,93.89397430419922
128.7738800048828,94.21125030517578
130.13787841796875,94.5287857055664
131.50192260742188,94.8467025756836
132.86572265625,95.16499328613281
134.2296905517578,95.48369598388672
135.5933837890625,95.80262756347656
136.9571075439453,96.1217269897461
138.32077026367188,96.44107818603516
139.684326171875,96.76073455810547
141.04779052734375,97.0807113647461
142.41116333007812,97.401123046875
143.7743682861328,97.72213745117188
145.137451171875,98.04379272460938
146.5006103515625,98.36621856689453
147.8633270263672,98.68922424316406
149.2259063720703,99.01275634765625
150.58848571777344,99.3366928100586
151.95106506347656,99.66091918945312
153.31338500976562,99.98543548583984
154.67568969726562,100.31033325195312
156.03799438476562,100.63556671142578
157.40036010742188,100.96113586425781
158.76246643066406,101.28688049316406
160.12451171875,101.61287689208984
161.486572265625,101.93909454345703
162.84857177734375,102.2654800415039
164.21044921875,102.59201049804688
165.57235717773438,102.91868591308594
166.93418884277344,103.24549102783203
168.2960662841797,103.5723648071289
169.65797424316406,103.89936065673828
171.0197296142578,104.2264175415039
172.3815460205078,104.55357360839844
173.74325561523438,104.88075256347656
175.10501098632812,105.20799255371094
176.4666748046875,105.5352554321289
177.82846069335938,105.86263275146484
179.19017028808594,106.19005584716797
180.55178833007812,106.51763153076172
181.91348266601562,106.84549713134766
183.27505493164062,107.1737289428711
184.636474609375,107.5024185180664
185.99771118164062,107.83153533935547
187.3588409423828,108.16111755371094
188.7198944091797,108.4909896850586
190.08096313476562,108.82109832763672
191.44190979003906,109.15141296386719
192.80300903320312,109.4819564819336
194.16384887695312,109.81267547607422
195.52479553222656,110.1436996459961
196.88552856445312,110.47496032714844
198.2462158203125,110.80657958984375
199.60679626464844,111.1385498046875
200.9674072265625,111.47093963623047
202.32786560058594,111.8035888671875
203.68898010253906,112.13652801513672
205.04913330078125,112.46922302246094
206.40753173828125,112.80142211914062
207.76954650878906,113.13435363769531
209.13082885742188,113.46682739257812
210.49082946777344,113.79862976074219
211.85142517089844,114.13013458251953
213.21224975585938,114.4612045288086
214.57313537597656,114.79166412353516
215.93441772460938,115.12134552001953
217.29580688476562,115.45021057128906
218.65728759765625,115.77841186523438
220.0189208984375,116.10612487792969
221.38059997558594,116.43348693847656
222.74234008789062,116.76060485839844
224.10421752929688,117.08760070800781
225.4661407470703,117.41450500488281
226.82801818847656,117.74127197265625
228.19015502929688,118.06800842285156
229.5520477294922,118.3946304321289
230.9139404296875,118.72119903564453
232.2758026123047,119.04782104492188
233.63792419433594,119.3746109008789
234.99951171875,119.70135498046875
236.3604736328125,120.02796936035156
237.72390747070312,120.35525512695312
239.0857696533203,120.68218994140625
240.44717407226562,121.00907135009766
241.80889892578125,121.33610534667969
243.1707000732422,121.66316223144531
244.53257751464844,121.99018859863281
245.8943328857422,122.31707000732422
247.2562255859375,122.6437759399414
248.6182403564453,122.97020721435547
249.98023986816406,123.2962646484375
251.342529296875,123.62200927734375
252.70469665527344,123.9473876953125
254.0670928955078,124.27249908447266
255.429443359375,124.59722900390625
256.79180908203125,124.92159271240234
258.155029296875,125.24568939208984
259.5164794921875,125.56896209716797
260.87847900390625,125.89188385009766
262.24285888671875,126.21490478515625
263.6063232421875,126.53727722167969
264.9687194824219,126.8589859008789
266.3319396972656,127.18045806884766
267.6950988769531,127.50141906738281
269.058349609375,127.82192993164062
270.4218444824219,128.1419677734375
271.78546142578125,128.46151733398438
273.14910888671875,128.7805633544922
274.51300048828125,129.0991973876953
275.87701416015625,129.41757202148438
277.2412109375,129.73570251464844
278.60418701171875,130.05323791503906
279.9688415527344,130.3707275390625
281.33355712890625,130.68777465820312
282.6977233886719,131.004150390625
284.06201171875,131.3199462890625
285.4268493652344,131.635009765625
286.7917175292969,131.94886779785156
288.1568908691406,132.26113891601562
289.5225830078125,132.5715789794922
290.89599609375,132.8822479248047
292.29510498046875,133.1883087158203
293.6287536621094,133.40069580078125
295.0080871582031,133.6678009033203
296.37530517578125,133.9499969482422
297.74554443359375,134.23995971679688
299.11651611328125,134.53143310546875
300.48822021484375,134.8207244873047
301.8614807128906,135.10513305664062
303.23663330078125,135.38259887695312
304.6141662597656,135.6512908935547
305.989501953125,135.9086151123047
307.3675231933594,136.1537628173828
308.749267578125,136.38522338867188
310.1341247558594,136.60110473632812
311.52154541015625,136.7995147705078
312.9108581542969,136.9784698486328
314.3032531738281,137.1355743408203
315.6985778808594,137.2682342529297
317.0958557128906,137.3734130859375
318.4941101074219,137.4477081298828
319.8924560546875,137.48719787597656
321.2940979003906,137.48704528808594
322.701416015625,137.44009399414062
324.1007995605469,137.34130859375
325.486572265625,137.22219848632812
326.87786865234375,137.09982299804688
328.2727355957031,136.97311401367188
329.6669616699219,136.8393096923828
331.0601501464844,136.69570922851562
332.4520263671875,136.53977966308594
333.8421936035156,136.3690185546875
335.23004150390625,136.18112182617188
336.6151428222656,135.9737548828125
337.9967956542969,135.74459838867188
339.3742980957031,135.49148559570312
340.7467346191406,135.21226501464844
342.1130676269531,134.90478515625
343.47222900390625,134.56703186035156
344.8230895996094,134.1969451904297
346.16412353515625,133.79270935058594
347.4937744140625,133.35256958007812
348.81005859375,132.8750457763672
350.1113586425781,132.35862731933594
351.39593505859375,131.8020477294922
352.66192626953125,131.20436096191406
353.9072265625,130.56475830078125
355.1300354003906,129.8828125
356.3285217285156,129.1582489013672
357.50384521484375,128.3885498046875
358.65216064453125,127.57718658447266
359.76361083984375,126.73265075683594
360.851318359375,125.86164093017578
361.92425537109375,124.96234130859375
362.9787292480469,124.04106140136719
364.01593017578125,123.0999526977539
365.0367126464844,122.14078521728516
366.041748046875,121.16524505615234
367.03192138671875,120.17440795898438
368.0075378417969,119.16929626464844
368.96942138671875,118.15062713623047
369.917724609375,117.11936950683594
370.8525085449219,116.07638549804688
371.7736511230469,115.02234649658203
372.6822509765625,113.95724487304688
373.57830810546875,112.88107299804688
374.4618835449219,111.79451751708984
375.3328857421875,110.69769287109375
376.1912536621094,109.5909194946289
377.036865234375,108.47447204589844
377.8695373535156,107.348388671875
378.68914794921875,106.2127914428711
379.4955139160156,105.06765747070312
380.2883605957031,103.91287231445312
381.06707763671875,102.74864196777344
381.83123779296875,101.57494354248047
382.5803527832031,100.39179992675781
383.3138732910156,99.19905090332031
384.0309143066406,97.99647521972656
384.73089599609375,96.78408813476562
385.41259765625,95.5617904663086
386.07568359375,94.32811737060547
386.718505859375,93.08334350585938
387.3393249511719,91.82769012451172
387.9364929199219,90.56082916259766
388.5066833496094,89.28575897216797
389.05029296875,87.99661254882812
389.56884765625,86.69425201416016
390.0620422363281,85.38309478759766
390.5303955078125,84.06353759765625
390.97479248046875,82.73551940917969
391.39544677734375,81.39988708496094
391.79290771484375,80.05714416503906
392.16754150390625,78.70785522460938
392.51971435546875,77.35247039794922
392.84967041015625,75.99151611328125
393.1578369140625,74.62548828125
393.44451904296875,73.25472259521484
393.70977783203125,71.8798828125
393.9538879394531,70.50093841552734
394.1770935058594,69.1186294555664
394.37957763671875,67.73294830322266
394.5614318847656,66.34445190429688
394.7226257324219,64.95345306396484
394.8633117675781,63.5601806640625
394.9835510253906,62.16500473022461
395.0832824707031,60.768310546875
395.1625061035156,59.37017059326172
395.22100830078125,57.9711799621582
395.2588195800781,56.57170867919922
395.2757568359375,55.17166519165039
395.27166748046875,53.771629333496094
395.2463073730469,52.371524810791016
395.1993408203125,50.971858978271484
395.1304626464844,49.57304000854492
395.039306640625,48.1756706237793
394.9253234863281,46.779781341552734
394.78839111328125,45.38617706298828
394.62799072265625,43.99666213989258
394.44293212890625,42.61087417602539
394.2231750488281,41.22743225097656
393.9669494628906,39.850303649902344
393.6764221191406,38.480628967285156
393.3537902832031,37.11809539794922
393.0009765625,35.7628059387207
392.62005615234375,34.41520690917969
392.21270751953125,33.075252532958984
391.7806396484375,31.7430477142334
391.3253479003906,30.418563842773438
390.8482666015625,29.101703643798828
390.35089111328125,27.79265594482422
389.8343200683594,26.491182327270508
389.2996826171875,25.19706916809082
388.74786376953125,23.909753799438477
388.18011474609375,22.629493713378906
387.5972900390625,21.356029510498047
387.00018310546875,20.0892276763916
386.38970947265625,18.82890510559082
385.76666259765625,17.574798583984375
385.1318359375,16.326923370361328
384.48590087890625,15.084821701049805
383.82904052734375,13.847737312316895
383.1622009277344,12.615865707397461
382.48614501953125,11.389036178588867
381.8014831542969,10.167166709899902
381.1087341308594,8.949819564819336
380.40850830078125,7.736746788024902
379.7013854980469,6.527721881866455
378.98797607421875,5.322503089904785
378.2689514160156,4.120669841766357
377.54730224609375,2.9257326126098633
376.8310852050781,1.745967149734497
376.0820617675781,0.5562259554862976
375.3021240234375,-0.6229983568191528
374.50115966796875,-1.7729729413986206
373.676025390625,-2.906251907348633
372.83062744140625,-4.022176265716553
371.9659118652344,-5.123643398284912
371.08343505859375,-6.2118425369262695
370.1852722167969,-7.286994457244873
369.2732238769531,-8.349602699279785
368.3477783203125,-9.401285171508789
367.4101867675781,-10.442972183227539
366.4620361328125,-11.474738121032715
365.50457763671875,-12.496949195861816
364.5390930175781,-13.510055541992188
363.5660400390625,-14.515047073364258
362.5831298828125,-15.516063690185547
361.5944519042969,-16.510555267333984
360.60064697265625,-17.499454498291016
359.60296630859375,-18.483644485473633
358.60223388671875,-19.464447021484375
357.5997314453125,-20.44331932067871
356.5975646972656,-21.421707153320312
355.5995788574219,-22.40092658996582
354.60943603515625,-23.38526153564453
353.6228332519531,-24.393112182617188
352.70159912109375,-25.38341522216797
351.705810546875,-26.414941787719727
350.7159118652344,-27.43317985534668
349.7309875488281,-28.4405460357666
348.7469482421875,-29.443756103515625
347.7982482910156,-30.413572311401367
346.79449462890625,-31.40671157836914
345.78399658203125,-32.37664794921875
344.7612609863281,-33.333744049072266
343.7299499511719,-34.27952575683594
342.6897888183594,-35.21720504760742
341.6399841308594,-36.145469665527344
340.577880859375,-37.058799743652344
339.50201416015625,-37.95420455932617
338.41217041015625,-38.83211898803711
337.3065185546875,-39.69221115112305
336.1822814941406,-40.52893829345703
335.0365295410156,-41.3332633972168
333.8667297363281,-42.10228729248047
332.677001953125,-42.840206146240234
331.4732666015625,-43.557193756103516
330.2591247558594,-44.254825592041016
329.0308532714844,-44.927913665771484
327.7859802246094,-45.568294525146484
326.52301025390625,-46.17472457885742
325.2449035644531,-46.747188568115234
323.95281982421875,-47.287200927734375
322.64764404296875,-47.794681549072266
321.3293151855469,-48.26716995239258
319.9976806640625,-48.701351165771484
318.6533508300781,-49.09376525878906
317.29669189453125,-49.44117736816406
315.9286804199219,-49.740604400634766
314.55078125,-49.990177154541016
313.1645202636719,-50.191383361816406
311.7727966308594,-50.34685134887695
310.3765563964844,-50.456321716308594
308.97760009765625,-50.521907806396484
307.5772399902344,-50.54194259643555
306.17706298828125,-50.515071868896484
304.7784729003906,-50.44192123413086
303.3827819824219,-50.32338333129883
301.99151611328125,-50.16341018676758
300.6048889160156,-49.96714401245117
299.224365234375,-49.731258392333984
297.853515625,-49.44472885131836
296.49603271484375,-49.101722717285156
295.15216064453125,-48.7077751159668
293.8205261230469,-48.271976470947266
292.50244140625,-47.79899978637695
291.1987609863281,-47.28773880004883
289.9102478027344,-46.738746643066406
288.638671875,-46.1515998840332
287.38623046875,-45.52507400512695
286.15545654296875,-44.85676574707031
284.9486083984375,-44.14630126953125
283.7669982910156,-43.39457321166992
282.61224365234375,-42.60234832763672
281.4857482910156,-41.77022171020508
280.3895263671875,-40.899009704589844
279.3248596191406,-39.989501953125
278.2915954589844,-39.04360580444336
277.2893981933594,-38.06513977050781
276.3175964355469,-37.05807113647461
275.3714294433594,-36.0250244140625
274.4501647949219,-34.97041320800781
273.552001953125,-33.89594268798828
272.6750793457031,-32.803829193115234
271.818359375,-31.69605255126953
270.9805908203125,-30.57372283935547
270.16162109375,-29.437929153442383
269.36212158203125,-28.28819465637207
268.582275390625,-27.125032424926758
267.8216247558594,-25.94925880432129
267.07891845703125,-24.762142181396484
266.3527526855469,-23.56499671936035
265.6419677734375,-22.35802459716797
264.945556640625,-21.14204978942871
264.2629699707031,-19.920347213745117
263.5915832519531,-18.69137191772461
262.9299621582031,-17.45705795288086
262.27606201171875,-16.218551635742188
261.6283264160156,-14.976967811584473
260.9840087890625,-13.7332181930542
260.3416442871094,-12.489731788635254
259.6982421875,-11.245774269104004
259.052490234375,-10.001749038696289
258.4045715332031,-8.761042594909668
257.7519226074219,-7.522934436798096
257.092529296875,-6.286606788635254
256.426513671875,-5.053935527801514
255.75379943847656,-3.826035499572754
255.07350158691406,-2.6024534702301025
254.3839111328125,-1.3836535215377808
253.68255615234375,-0.17056451737880707
252.96775817871094,1.0332920551300049
252.23764038085938,2.228281021118164
251.48989868164062,3.4124531745910645
250.7210693359375,4.582993030548096
249.92578125,5.7350358963012695
249.10079956054688,6.8676371574401855
248.2464141845703,7.97745418548584
247.3616485595703,9.06259822845459
246.4449462890625,10.121262550354004
245.49630737304688,11.151427268981934
244.5167694091797,12.152488708496094
243.50833129882812,13.124343872070312
242.472412109375,14.066230773925781
241.40797424316406,14.976452827453613
240.3152618408203,15.8525390625
239.1949462890625,16.693119049072266
238.0485076904297,17.497634887695312
236.8771514892578,18.265296936035156
235.68141174316406,18.994365692138672
234.46168518066406,19.68299102783203
233.22032165527344,20.330245971679688
231.95706176757812,20.935222625732422
230.673095703125,21.494871139526367
229.36851501464844,22.004180908203125
228.04396057128906,22.45892906188965
226.70103454589844,22.856067657470703
225.3417205810547,23.193130493164062
223.96868896484375,23.468374252319336
222.58482360839844,23.679157257080078
221.1912384033203,23.822589874267578
219.79283142089844,23.89710235595703
218.392333984375,23.901248931884766
216.9932403564453,23.839399337768555
215.5979766845703,23.71630859375
214.20895385742188,23.536060333251953
212.82937622070312,23.2984619140625
211.45982360839844,23.005794525146484
210.10183715820312,22.662860870361328
208.7561798095703,22.27543067932129
207.4227294921875,21.846904754638672
206.1013641357422,21.380094528198242
204.7936553955078,20.878795623779297
203.49952697753906,20.345718383789062
202.21633911132812,19.783740997314453
200.94491577148438,19.196258544921875
199.6845245361328,18.585596084594727
198.43447875976562,17.95404052734375
197.1942901611328,17.302907943725586
195.96383666992188,16.63471221923828
194.7405548095703,15.951569557189941
193.5240020751953,15.258557319641113
192.31028747558594,14.558884620666504
191.09767150878906,13.857967376708984
189.8832244873047,13.161069869995117
188.66375732421875,12.472496032714844
187.4370574951172,11.796512603759766
186.20095825195312,11.137699127197266
184.95352172851562,10.500432968139648
183.69387817382812,9.888340950012207
182.4214324951172,9.30424690246582
181.1346435546875,8.750709533691406
179.8343963623047,8.2302885055542
178.51925659179688,7.748367786407471
177.189208984375,7.309096336364746
175.84576416015625,6.916248798370361
174.48648071289062,6.577775001525879
173.11346435546875,6.300144195556641
171.7291717529297,6.089145660400391
170.3360595703125,5.946725368499756
168.9375,5.874135971069336
167.5372314453125,5.874578952789307
166.13917541503906,5.951651096343994
164.7473602294922,6.105269432067871
163.3653106689453,6.33151912689209
161.99676513671875,6.629354000091553
160.64585876464844,6.997862339019775
159.31451416015625,7.432288646697998
158.0044403076172,7.9275054931640625
156.7186737060547,8.482834815979004
155.46238708496094,9.101882934570312
154.2371368408203,9.779988288879395
153.0435028076172,10.512472152709961
151.88417053222656,11.297967910766602
150.7626495361328,12.136730194091797
149.6829071044922,13.028526306152344
148.64781188964844,13.971883773803711
147.6586456298828,14.963217735290527
146.71485900878906,15.997634887695312
145.81492614746094,17.07046890258789
144.95545959472656,18.176712036132812
144.1301727294922,19.308183670043945
143.32994079589844,20.457304000854492
142.54226684570312,21.615110397338867
141.75506591796875,22.773508071899414
140.95770263671875,23.92560577392578
140.14329528808594,25.063993453979492
139.30482482910156,26.18564224243164
138.4394073486328,27.28697967529297
137.5455322265625,28.36503791809082
136.6208038330078,29.417377471923828
135.66468811035156,30.441043853759766
134.67784118652344,31.433687210083008
133.65899658203125,32.39442825317383
132.60768127441406,33.320491790771484
131.5253448486328,34.20874786376953
130.41221618652344,35.058841705322266
129.27133178710938,35.87103271484375
128.1025390625,36.64265823364258
126.90791320800781,37.3736686706543
125.69038391113281,38.06558609008789
124.4518814086914,38.71881103515625
123.19432067871094,39.33729934692383
121.9229736328125,39.92408752441406
120.63934326171875,40.483028411865234
119.34417724609375,41.0166015625
118.03853607177734,41.52359390258789
116.72250366210938,42.002193450927734
115.39655303955078,42.45261764526367
114.06146240234375,42.87540054321289
112.71674346923828,43.269744873046875
111.36541748046875,43.63552474975586
110.00574493408203,43.97109603881836
108.638671875,44.275882720947266
107.26551055908203,44.55153274536133
105.8868408203125,44.79780960083008
104.50211334228516,45.00823974609375
103.111572265625,45.17478561401367
101.71641540527344,45.295936584472656
100.31861877441406,45.37672805786133
98.91883850097656,45.421016693115234
97.51750183105469,45.42868423461914
96.11730194091797,45.397926330566406
94.71956634521484,45.32838439941406
93.322509765625,45.22275924682617
91.92882537841797,45.08305740356445
90.5387191772461,44.91215515136719
89.15259552001953,44.711334228515625
87.77061462402344,44.48478698730469
86.39276885986328,44.23399353027344
85.01958465576172,43.95947265625
83.65083312988281,43.66023635864258
82.28846740722656,43.3372917175293
80.93131256103516,42.99143981933594
79.5794677734375,42.62508773803711
78.23302459716797,42.23994827270508
76.89201354980469,41.83606719970703
75.556884765625,41.41311264038086
74.22791290283203,40.971275329589844
72.90499877929688,40.5110969543457
71.58827209472656,40.033538818359375
70.27787017822266,39.5389289855957
68.97399139404297,39.027198791503906
67.67707824707031,38.49777603149414
66.38742065429688,37.95098876953125
65.10625457763672,37.38699722290039
63.831504821777344,36.806556701660156
62.564002990722656,36.21038055419922
61.304080963134766,35.59858322143555
60.05159378051758,34.97166442871094
58.8066520690918,34.3299674987793
57.56912612915039,33.673622131347656
56.338741302490234,33.00439453125
55.114784240722656,32.32374954223633
53.89760208129883,31.630491256713867
52.68745422363281,30.92464828491211
51.48396301269531,30.209396362304688
50.285282135009766,29.48446273803711
49.092472076416016,28.75076675415039
47.905235290527344,28.007511138916016
46.72484588623047,27.25356674194336
45.55019760131836,26.490436553955078
44.380699157714844,25.719802856445312
43.217018127441406,24.940616607666016
42.05854797363281,24.153478622436523
40.90504455566406,23.36008071899414
39.754459381103516,22.560209274291992
38.60686492919922,21.755388259887695
37.46343994140625,20.9482421875
36.32098388671875,20.13848114013672
35.17866516113281,19.327571868896484
34.036502838134766,18.516862869262695
32.89393997192383,17.70690155029297
31.75062370300293,16.89815330505371
30.606124877929688,16.090742111206055
29.46052360534668,15.285009384155273
28.313587188720703,14.481010437011719
27.16539764404297,13.678980827331543
26.01589012145996,12.879009246826172
24.864917755126953,12.081039428710938
23.712596893310547,11.285140991210938
22.558881759643555,10.49127197265625
21.403589248657227,9.699429512023926
20.246877670288086,8.90988540649414
19.08880615234375,8.122515678405762
17.92911720275879,7.336650371551514
16.76850700378418,6.552590847015381
15.606691360473633,5.770432472229004
14.44405460357666,4.989828586578369
13.28050422668457,4.210485458374023
12.116399765014648,3.4318032264709473
10.951807022094727,2.653773307800293
9.786744117736816,1.8766521215438843
8.620844841003418,1.1006102561950684
7.453883171081543,0.32618382573127747
6.285281181335449,-0.4457758665084839
5.114661693572998,-1.2145814895629883
3.942103862762451,-1.98042893409729
2.76813006401062,-2.7441205978393555
1.59316885471344,-3.506500482559204
0.41762083768844604,-4.267984390258789
-0.7583391666412354,-5.028738975524902
-1.9348052740097046,-5.788815498352051
-3.1115899085998535,-6.547955513000488
-4.289157867431641,-7.306337356567383
-5.4676899909973145,-8.063733100891113
-6.646496295928955,-8.819509506225586
-7.826200485229492,-9.574326515197754
-9.006462097167969,-10.32837200164795
-10.187076568603516,-11.0817289352417
-11.36812686920166,-11.834555625915527
-12.549501419067383,-12.586747169494629
-13.731409072875977,-13.338342666625977
-14.913724899291992,-14.089225769042969
-16.09645652770996,-14.839333534240723
-17.279644012451172,-15.588530540466309
-18.46347999572754,-16.33685874938965
-19.647937774658203,-17.08403968811035
-20.833189010620117,-17.83004379272461
-22.019378662109375,-18.5749568939209
-23.206193923950195,-19.31879425048828
-24.393470764160156,-20.06163787841797
-25.581317901611328,-20.80359649658203
-26.76988983154297,-21.544647216796875
-27.959077835083008,-22.28457260131836
-29.148967742919922,-23.023324966430664
-30.339624404907227,-23.760814666748047
-31.531179428100586,-24.49701690673828
-32.72343063354492,-25.231868743896484
-33.91637420654297,-25.965553283691406
-35.10990524291992,-26.698152542114258
-36.3040771484375,-27.429819107055664
-37.498992919921875,-28.16059684753418
-38.694313049316406,-28.890487670898438
-39.89004135131836,-29.619537353515625
-41.086307525634766,-30.347801208496094
-42.28329849243164,-31.075294494628906
-43.480499267578125,-31.801637649536133
-44.6783332824707,-32.527183532714844
-45.8775520324707,-33.252601623535156
-47.075748443603516,-33.97663879394531
-48.273948669433594,-34.70012664794922
-49.47360610961914,-35.423980712890625
-50.67305374145508,-36.147159576416016
-51.87282180786133,-36.86994934082031
-53.07277297973633,-37.59220504760742
-54.27294921875,-38.314064025878906
-55.47341537475586,-39.035560607910156
-56.673946380615234,-39.75666427612305
-57.87481689453125,-40.47749328613281
-59.075862884521484,-41.19800567626953
-60.277156829833984,-41.91814041137695
-61.47869873046875,-42.63787078857422
-62.680580139160156,-43.357177734375
-63.882728576660156,-44.07596969604492
-65.08507537841797,-44.79417419433594
-66.28758239746094,-45.51167297363281
-67.4908218383789,-46.2287483215332
-68.69463348388672,-46.945411682128906
-69.89813995361328,-47.66144943237305
-71.10159301757812,-48.37746810913086
-72.30511474609375,-49.09388732910156
-73.50850677490234,-49.81071853637695
-74.71150970458984,-50.52791976928711
-75.91414642333984,-51.24568557739258
-77.11638641357422,-51.964088439941406
-78.31815338134766,-52.68317794799805
-79.51947021484375,-53.40304946899414
-80.72034454345703,-54.123714447021484
-81.92076873779297,-54.84521484375
-83.12088012695312,-55.56761932373047
-84.3203353881836,-56.29066848754883
-85.51930236816406,-57.01435470581055
-86.7180404663086,-57.7386474609375
-87.91659545898438,-58.463340759277344
-89.11510467529297,-59.18811798095703
-90.31367492675781,-59.912593841552734
-91.51253509521484,-60.636390686035156
-92.71210479736328,-61.35913848876953
-93.91291046142578,-62.08049392700195
-95.11468505859375,-62.79974365234375
-96.31781005859375,-63.516727447509766
-97.52230834960938,-64.2313232421875
-98.72817993164062,-64.94358825683594
-99.94853210449219,-65.66150665283203
-101.18565368652344,-66.38695526123047
-102.28743743896484,-67.03153991699219
